[
  {
    "code": "US",
    "name": "United States",
    "name_zh": "美国",
    "cities": 21748
  },
  {
    "code": "MX",
    "name": "Mexico",
    "name_zh": "墨西哥",
    "cities": 16893
  },
  {
    "code": "CN",
    "name": "China",
    "name_zh": "中国",
    "cities": 15997
  },
  {
    "code": "FR",
    "name": "France",
    "name_zh": "法国",
    "cities": 15296
  },
  {
    "code": "IT",
    "name": "Italy",
    "name_zh": "意大利",
    "cities": 11766
  },
  {
    "code": "DE",
    "name": "Germany",
    "name_zh": "德国",
    "cities": 11631
  },
  {
    "code": "ID",
    "name": "Indonesia",
    "name_zh": "印度尼西亚",
    "cities": 9289
  },
  {
    "code": "ES",
    "name": "Spain",
    "name_zh": "西班牙",
    "cities": 7383
  },
  {
    "code": "RO",
    "name": "Romania",
    "name_zh": "罗马尼亚",
    "cities": 7149
  },
  {
    "code": "IN",
    "name": "India",
    "name_zh": "印度",
    "cities": 6945
  },
  {
    "code": "GB",
    "name": "United Kingdom",
    "name_zh": "英国",
    "cities": 5887
  },
  {
    "code": "BR",
    "name": "Brazil",
    "name_zh": "巴西",
    "cities": 5886
  },
  {
    "code": "RU",
    "name": "Russia",
    "name_zh": "俄罗斯",
    "cities": 5245
  },
  {
    "code": "CI",
    "name": "Ivory Coast",
    "name_zh": "科特迪瓦",
    "cities": 5136
  },
  {
    "code": "AU",
    "name": "Australia",
    "name_zh": "澳大利亚",
    "cities": 4894
  },
  {
    "code": "PH",
    "name": "Philippines",
    "name_zh": "菲律宾",
    "cities": 4515
  },
  {
    "code": "PL",
    "name": "Poland",
    "name_zh": "波兰",
    "cities": 3772
  },
  {
    "code": "TR",
    "name": "Turkey",
    "name_zh": "土耳其",
    "cities": 3740
  },
  {
    "code": "UA",
    "name": "Ukraine",
    "name_zh": "乌克兰",
    "cities": 3548
  },
  {
    "code": "AT",
    "name": "Austria",
    "name_zh": "奥地利",
    "cities": 3039
  },
  {
    "code": "CZ",
    "name": "Czechia",
    "name_zh": "捷克",
    "cities": 2607
  },
  {
    "code": "BE",
    "name": "Belgium",
    "name_zh": "比利时",
    "cities": 2256
  },
  {
    "code": "PE",
    "name": "Peru",
    "name_zh": "秘鲁",
    "cities": 2224
  },
  {
    "code": "JP",
    "name": "Japan",
    "name_zh": "日本",
    "cities": 2169
  },
  {
    "code": "CA",
    "name": "Canada",
    "name_zh": "加拿大",
    "cities": 2013
  },
  {
    "code": "GR",
    "name": "Greece",
    "name_zh": "希腊",
    "cities": 1943
  },
  {
    "code": "NL",
    "name": "Netherlands",
    "name_zh": "荷兰",
    "cities": 1915
  },
  {
    "code": "CH",
    "name": "Switzerland",
    "name_zh": "瑞士",
    "cities": 1893
  },
  {
    "code": "SE",
    "name": "Sweden",
    "name_zh": "瑞典",
    "cities": 1319
  },
  {
    "code": "HR",
    "name": "Croatia",
    "name_zh": "克罗地亚",
    "cities": 1215
  },
  {
    "code": "CO",
    "name": "Colombia",
    "name_zh": "哥伦比亚",
    "cities": 1177
  },
  {
    "code": "PT",
    "name": "Portugal",
    "name_zh": "葡萄牙",
    "cities": 1076
  },
  {
    "code": "TH",
    "name": "Thailand",
    "name_zh": "泰国",
    "cities": 1059
  },
  {
    "code": "HU",
    "name": "Hungary",
    "name_zh": "匈牙利",
    "cities": 1036
  },
  {
    "code": "AR",
    "name": "Argentina",
    "name_zh": "阿根廷",
    "cities": 1019
  },
  {
    "code": "ZA",
    "name": "South Africa",
    "name_zh": "南非",
    "cities": 982
  },
  {
    "code": "NG",
    "name": "Nigeria",
    "name_zh": "尼日利亚",
    "cities": 916
  },
  {
    "code": "FI",
    "name": "Finland",
    "name_zh": "芬兰",
    "cities": 880
  },
  {
    "code": "VN",
    "name": "Vietnam",
    "name_zh": "越南",
    "cities": 807
  },
  {
    "code": "PA",
    "name": "Panama",
    "name_zh": "巴拿马",
    "cities": 801
  },
  {
    "code": "MY",
    "name": "Malaysia",
    "name_zh": "马来西亚",
    "cities": 732
  },
  {
    "code": "NZ",
    "name": "New Zealand",
    "name_zh": "新西兰",
    "cities": 726
  },
  {
    "code": "IL",
    "name": "Israel",
    "name_zh": "以色列",
    "cities": 717
  },
  {
    "code": "AM",
    "name": "Armenia",
    "name_zh": "亚美尼亚",
    "cities": 631
  },
  {
    "code": "NO",
    "name": "Norway",
    "name_zh": "挪威",
    "cities": 621
  },
  {
    "code": "SI",
    "name": "Slovenia",
    "name_zh": "斯洛文尼亚",
    "cities": 603
  },
  {
    "code": "IR",
    "name": "Iran",
    "name_zh": "伊朗",
    "cities": 586
  },
  {
    "code": "IE",
    "name": "Ireland",
    "name_zh": "爱尔兰",
    "cities": 566
  },
  {
    "code": "EC",
    "name": "Ecuador",
    "name_zh": "厄瓜多尔",
    "cities": 541
  },
  {
    "code": "PK",
    "name": "Pakistan",
    "name_zh": "巴基斯坦",
    "cities": 537
  },
  {
    "code": "SK",
    "name": "Slovakia",
    "name_zh": "斯洛伐克",
    "cities": 509
  },
  {
    "code": "HN",
    "name": "Honduras",
    "name_zh": "洪都拉斯",
    "cities": 502
  },
  {
    "code": "DK",
    "name": "Denmark",
    "name_zh": "丹麦",
    "cities": 495
  },
  {
    "code": "RS",
    "name": "Serbia",
    "name_zh": "塞尔维亚",
    "cities": 485
  },
  {
    "code": "MA",
    "name": "Morocco",
    "name_zh": "摩洛哥",
    "cities": 476
  },
  {
    "code": "PS",
    "name": "Palestine",
    "name_zh": "巴勒斯坦",
    "cities": 440
  },
  {
    "code": "AL",
    "name": "Albania",
    "name_zh": "阿尔巴尼亚",
    "cities": 414
  },
  {
    "code": "VE",
    "name": "Venezuela",
    "name_zh": "委内瑞拉",
    "cities": 410
  },
  {
    "code": "DZ",
    "name": "Algeria",
    "name_zh": "阿尔及利亚",
    "cities": 346
  },
  {
    "code": "GT",
    "name": "Guatemala",
    "name_zh": "危地马拉",
    "cities": 340
  },
  {
    "code": "KZ",
    "name": "Kazakhstan",
    "name_zh": "哈萨克斯坦",
    "cities": 338
  },
  {
    "code": "KE",
    "name": "Kenya",
    "name_zh": "肯尼亚",
    "cities": 330
  },
  {
    "code": "MN",
    "name": "Mongolia",
    "name_zh": "蒙古",
    "cities": 327
  },
  {
    "code": "HK",
    "name": "Hong Kong",
    "name_zh": "香港",
    "cities": 324
  },
  {
    "code": "TZ",
    "name": "Tanzania",
    "name_zh": "坦桑尼亚",
    "cities": 320
  },
  {
    "code": "AF",
    "name": "Afghanistan",
    "name_zh": "阿富汗",
    "cities": 316
  },
  {
    "code": "YE",
    "name": "Yemen",
    "name_zh": "也门",
    "cities": 316
  },
  {
    "code": "BY",
    "name": "Belarus",
    "name_zh": "白俄罗斯",
    "cities": 313
  },
  {
    "code": "BG",
    "name": "Bulgaria",
    "name_zh": "保加利亚",
    "cities": 302
  },
  {
    "code": "KH",
    "name": "Cambodia",
    "name_zh": "柬埔寨",
    "cities": 300
  },
  {
    "code": "KR",
    "name": "South Korea",
    "name_zh": "韩国",
    "cities": 300
  },
  {
    "code": "BA",
    "name": "Bosnia and Herzegovina",
    "name_zh": "波黑",
    "cities": 299
  },
  {
    "code": "MK",
    "name": "North Macedonia",
    "name_zh": "北马其顿",
    "cities": 299
  },
  {
    "code": "SY",
    "name": "Syria",
    "name_zh": "叙利亚",
    "cities": 294
  },
  {
    "code": "TN",
    "name": "Tunisia",
    "name_zh": "突尼斯",
    "cities": 286
  },
  {
    "code": "ET",
    "name": "Ethiopia",
    "name_zh": "埃塞俄比亚",
    "cities": 253
  },
  {
    "code": "CL",
    "name": "Chile",
    "name_zh": "智利",
    "cities": 250
  },
  {
    "code": "EG",
    "name": "Egypt",
    "name_zh": "埃及",
    "cities": 250
  },
  {
    "code": "LU",
    "name": "Luxembourg",
    "name_zh": "卢森堡",
    "cities": 235
  },
  {
    "code": "PR",
    "name": "PR",
    "name_zh": "PR",
    "cities": 227
  },
  {
    "code": "UZ",
    "name": "Uzbekistan",
    "name_zh": "乌兹别克斯坦",
    "cities": 218
  },
  {
    "code": "DO",
    "name": "Dominican Republic",
    "name_zh": "多米尼加",
    "cities": 213
  },
  {
    "code": "CU",
    "name": "Cuba",
    "name_zh": "古巴",
    "cities": 211
  },
  {
    "code": "UG",
    "name": "Uganda",
    "name_zh": "乌干达",
    "cities": 211
  },
  {
    "code": "EE",
    "name": "Estonia",
    "name_zh": "爱沙尼亚",
    "cities": 196
  },
  {
    "code": "AZ",
    "name": "Azerbaijan",
    "name_zh": "阿塞拜疆",
    "cities": 190
  },
  {
    "code": "MM",
    "name": "Myanmar",
    "name_zh": "缅甸",
    "cities": 183
  },
  {
    "code": "BO",
    "name": "Bolivia",
    "name_zh": "玻利维亚",
    "cities": 177
  },
  {
    "code": "GM",
    "name": "Gambia",
    "name_zh": "冈比亚",
    "cities": 173
  },
  {
    "code": "PY",
    "name": "Paraguay",
    "name_zh": "巴拉圭",
    "cities": 169
  },
  {
    "code": "NI",
    "name": "Nicaragua",
    "name_zh": "尼加拉瓜",
    "cities": 166
  },
  {
    "code": "BD",
    "name": "Bangladesh",
    "name_zh": "孟加拉国",
    "cities": 159
  },
  {
    "code": "IQ",
    "name": "Iraq",
    "name_zh": "伊拉克",
    "cities": 155
  },
  {
    "code": "SN",
    "name": "Senegal",
    "name_zh": "塞内加尔",
    "cities": 152
  },
  {
    "code": "UY",
    "name": "Uruguay",
    "name_zh": "乌拉圭",
    "cities": 152
  },
  {
    "code": "LT",
    "name": "Lithuania",
    "name_zh": "立陶宛",
    "cities": 148
  },
  {
    "code": "GE",
    "name": "Georgia",
    "name_zh": "格鲁吉亚",
    "cities": 147
  },
  {
    "code": "JO",
    "name": "Jordan",
    "name_zh": "约旦",
    "cities": 147
  },
  {
    "code": "MG",
    "name": "Madagascar",
    "name_zh": "马达加斯加",
    "cities": 146
  },
  {
    "code": "LV",
    "name": "Latvia",
    "name_zh": "拉脱维亚",
    "cities": 145
  },
  {
    "code": "CM",
    "name": "Cameroon",
    "name_zh": "喀麦隆",
    "cities": 141
  },
  {
    "code": "AO",
    "name": "Angola",
    "name_zh": "安哥拉",
    "cities": 139
  },
  {
    "code": "BW",
    "name": "Botswana",
    "name_zh": "博茨瓦纳",
    "cities": 138
  },
  {
    "code": "BZ",
    "name": "Belize",
    "name_zh": "伯利兹",
    "cities": 138
  },
  {
    "code": "CR",
    "name": "Costa Rica",
    "name_zh": "哥斯达黎加",
    "cities": 136
  },
  {
    "code": "SA",
    "name": "Saudi Arabia",
    "name_zh": "沙特阿拉伯",
    "cities": 132
  },
  {
    "code": "CY",
    "name": "Cyprus",
    "name_zh": "塞浦路斯",
    "cities": 130
  },
  {
    "code": "KP",
    "name": "North Korea",
    "name_zh": "朝鲜",
    "cities": 124
  },
  {
    "code": "SG",
    "name": "Singapore",
    "name_zh": "新加坡",
    "cities": 121
  },
  {
    "code": "LY",
    "name": "Libya",
    "name_zh": "利比亚",
    "cities": 119
  },
  {
    "code": "CD",
    "name": "DR Congo",
    "name_zh": "刚果（金）",
    "cities": 117
  },
  {
    "code": "KM",
    "name": "Comoros",
    "name_zh": "科摩罗",
    "cities": 117
  },
  {
    "code": "MU",
    "name": "Mauritius",
    "name_zh": "毛里求斯",
    "cities": 116
  },
  {
    "code": "GH",
    "name": "Ghana",
    "name_zh": "加纳",
    "cities": 115
  },
  {
    "code": "BF",
    "name": "Burkina Faso",
    "name_zh": "布基纳法索",
    "cities": 111
  },
  {
    "code": "SD",
    "name": "Sudan",
    "name_zh": "苏丹",
    "cities": 111
  },
  {
    "code": "HT",
    "name": "Haiti",
    "name_zh": "海地",
    "cities": 109
  },
  {
    "code": "AE",
    "name": "United Arab Emirates",
    "name_zh": "阿联酋",
    "cities": 105
  },
  {
    "code": "SV",
    "name": "El Salvador",
    "name_zh": "萨尔瓦多",
    "cities": 102
  },
  {
    "code": "ZM",
    "name": "Zambia",
    "name_zh": "赞比亚",
    "cities": 98
  },
  {
    "code": "TJ",
    "name": "Tajikistan",
    "name_zh": "塔吉克斯坦",
    "cities": 96
  },
  {
    "code": "JM",
    "name": "Jamaica",
    "name_zh": "牙买加",
    "cities": 95
  },
  {
    "code": "MZ",
    "name": "Mozambique",
    "name_zh": "莫桑比克",
    "cities": 93
  },
  {
    "code": "NA",
    "name": "Namibia",
    "name_zh": "纳米比亚",
    "cities": 90
  },
  {
    "code": "KG",
    "name": "Kyrgyzstan",
    "name_zh": "吉尔吉斯斯坦",
    "cities": 88
  },
  {
    "code": "SL",
    "name": "Sierra Leone",
    "name_zh": "塞拉利昂",
    "cities": 88
  },
  {
    "code": "ML",
    "name": "Mali",
    "name_zh": "马里",
    "cities": 87
  },
  {
    "code": "TW",
    "name": "Taiwan",
    "name_zh": "台湾",
    "cities": 86
  },
  {
    "code": "BJ",
    "name": "Benin",
    "name_zh": "贝宁",
    "cities": 84
  },
  {
    "code": "MD",
    "name": "Moldova",
    "name_zh": "摩尔多瓦",
    "cities": 81
  },
  {
    "code": "LK",
    "name": "Sri Lanka",
    "name_zh": "斯里兰卡",
    "cities": 80
  },
  {
    "code": "NP",
    "name": "Nepal",
    "name_zh": "尼泊尔",
    "cities": 80
  },
  {
    "code": "MR",
    "name": "Mauritania",
    "name_zh": "毛里塔尼亚",
    "cities": 78
  },
  {
    "code": "KY",
    "name": "KY",
    "name_zh": "KY",
    "cities": 72
  },
  {
    "code": "TD",
    "name": "Chad",
    "name_zh": "乍得",
    "cities": 72
  },
  {
    "code": "NE",
    "name": "Niger",
    "name_zh": "尼日尔",
    "cities": 71
  },
  {
    "code": "MT",
    "name": "Malta",
    "name_zh": "马耳他",
    "cities": 70
  },
  {
    "code": "SO",
    "name": "Somalia",
    "name_zh": "索马里",
    "cities": 69
  },
  {
    "code": "ZW",
    "name": "Zimbabwe",
    "name_zh": "津巴布韦",
    "cities": 69
  },
  {
    "code": "GN",
    "name": "Guinea",
    "name_zh": "几内亚",
    "cities": 67
  },
  {
    "code": "WS",
    "name": "Samoa",
    "name_zh": "萨摩亚",
    "cities": 67
  },
  {
    "code": "XK",
    "name": "Kosovo",
    "name_zh": "科索沃",
    "cities": 67
  },
  {
    "code": "YT",
    "name": "YT",
    "name_zh": "YT",
    "cities": 66
  },
  {
    "code": "ME",
    "name": "Montenegro",
    "name_zh": "黑山",
    "cities": 64
  },
  {
    "code": "NC",
    "name": "NC",
    "name_zh": "NC",
    "cities": 63
  },
  {
    "code": "FM",
    "name": "FM",
    "name_zh": "FM",
    "cities": 61
  },
  {
    "code": "CG",
    "name": "Congo",
    "name_zh": "刚果（布）",
    "cities": 59
  },
  {
    "code": "LA",
    "name": "Laos",
    "name_zh": "老挝",
    "cities": 57
  },
  {
    "code": "TM",
    "name": "Turkmenistan",
    "name_zh": "土库曼斯坦",
    "cities": 56
  },
  {
    "code": "GA",
    "name": "Gabon",
    "name_zh": "加蓬",
    "cities": 50
  },
  {
    "code": "IS",
    "name": "Iceland",
    "name_zh": "冰岛",
    "cities": 50
  },
  {
    "code": "RW",
    "name": "Rwanda",
    "name_zh": "卢旺达",
    "cities": 50
  },
  {
    "code": "BN",
    "name": "Brunei",
    "name_zh": "文莱",
    "cities": 49
  },
  {
    "code": "CF",
    "name": "Central African Republic",
    "name_zh": "中非",
    "cities": 48
  },
  {
    "code": "LS",
    "name": "Lesotho",
    "name_zh": "莱索托",
    "cities": 47
  },
  {
    "code": "TO",
    "name": "Tonga",
    "name_zh": "汤加",
    "cities": 47
  },
  {
    "code": "PG",
    "name": "Papua New Guinea",
    "name_zh": "巴布亚新几内亚",
    "cities": 46
  },
  {
    "code": "LB",
    "name": "Lebanon",
    "name_zh": "黎巴嫩",
    "cities": 43
  },
  {
    "code": "PF",
    "name": "PF",
    "name_zh": "PF",
    "cities": 43
  },
  {
    "code": "QA",
    "name": "Qatar",
    "name_zh": "卡塔尔",
    "cities": 42
  },
  {
    "code": "ST",
    "name": "Sao Tome and Principe",
    "name_zh": "圣多美和普林西比",
    "cities": 41
  },
  {
    "code": "LC",
    "name": "Saint Lucia",
    "name_zh": "圣卢西亚",
    "cities": 38
  },
  {
    "code": "MW",
    "name": "Malawi",
    "name_zh": "马拉维",
    "cities": 38
  },
  {
    "code": "GW",
    "name": "Guinea-Bissau",
    "name_zh": "几内亚比绍",
    "cities": 37
  },
  {
    "code": "KI",
    "name": "Kiribati",
    "name_zh": "基里巴斯",
    "cities": 37
  },
  {
    "code": "FO",
    "name": "FO",
    "name_zh": "FO",
    "cities": 35
  },
  {
    "code": "TG",
    "name": "Togo",
    "name_zh": "多哥",
    "cities": 35
  },
  {
    "code": "MV",
    "name": "Maldives",
    "name_zh": "马尔代夫",
    "cities": 33
  },
  {
    "code": "OM",
    "name": "Oman",
    "name_zh": "阿曼",
    "cities": 32
  },
  {
    "code": "BI",
    "name": "Burundi",
    "name_zh": "布隆迪",
    "cities": 31
  },
  {
    "code": "BT",
    "name": "Bhutan",
    "name_zh": "不丹",
    "cities": 31
  },
  {
    "code": "PW",
    "name": "Palau",
    "name_zh": "帕劳",
    "cities": 29
  },
  {
    "code": "AS",
    "name": "AS",
    "name_zh": "AS",
    "cities": 28
  },
  {
    "code": "BS",
    "name": "Bahamas",
    "name_zh": "巴哈马",
    "cities": 28
  },
  {
    "code": "DJ",
    "name": "Djibouti",
    "name_zh": "吉布提",
    "cities": 28
  },
  {
    "code": "KW",
    "name": "Kuwait",
    "name_zh": "科威特",
    "cities": 28
  },
  {
    "code": "SC",
    "name": "Seychelles",
    "name_zh": "塞舌尔",
    "cities": 28
  },
  {
    "code": "GQ",
    "name": "Equatorial Guinea",
    "name_zh": "赤道几内亚",
    "cities": 27
  },
  {
    "code": "GU",
    "name": "GU",
    "name_zh": "GU",
    "cities": 27
  },
  {
    "code": "LR",
    "name": "Liberia",
    "name_zh": "利比里亚",
    "cities": 27
  },
  {
    "code": "TT",
    "name": "Trinidad and Tobago",
    "name_zh": "特立尼达和多巴哥",
    "cities": 27
  },
  {
    "code": "AG",
    "name": "Antigua and Barbuda",
    "name_zh": "安提瓜和巴布达",
    "cities": 26
  },
  {
    "code": "RE",
    "name": "RE",
    "name_zh": "RE",
    "cities": 26
  },
  {
    "code": "TL",
    "name": "Timor-Leste",
    "name_zh": "东帝汶",
    "cities": 26
  },
  {
    "code": "CV",
    "name": "Cape Verde",
    "name_zh": "佛得角",
    "cities": 25
  },
  {
    "code": "VC",
    "name": "Saint Vincent and the Grenadines",
    "name_zh": "圣文森特和格林纳丁斯",
    "cities": 25
  },
  {
    "code": "GP",
    "name": "GP",
    "name_zh": "GP",
    "cities": 24
  },
  {
    "code": "MH",
    "name": "Marshall Islands",
    "name_zh": "马绍尔群岛",
    "cities": 24
  },
  {
    "code": "SR",
    "name": "Suriname",
    "name_zh": "苏里南",
    "cities": 24
  },
  {
    "code": "SB",
    "name": "Solomon Islands",
    "name_zh": "所罗门群岛",
    "cities": 23
  },
  {
    "code": "SS",
    "name": "South Sudan",
    "name_zh": "南苏丹",
    "cities": 23
  },
  {
    "code": "MQ",
    "name": "MQ",
    "name_zh": "MQ",
    "cities": 22
  },
  {
    "code": "SZ",
    "name": "Eswatini",
    "name_zh": "斯威士兰",
    "cities": 22
  },
  {
    "code": "AX",
    "name": "AX",
    "name_zh": "AX",
    "cities": 21
  },
  {
    "code": "IM",
    "name": "IM",
    "name_zh": "IM",
    "cities": 21
  },
  {
    "code": "DM",
    "name": "Dominica",
    "name_zh": "多米尼克",
    "cities": 19
  },
  {
    "code": "GF",
    "name": "GF",
    "name_zh": "GF",
    "cities": 18
  },
  {
    "code": "GL",
    "name": "GL",
    "name_zh": "GL",
    "cities": 18
  },
  {
    "code": "GY",
    "name": "Guyana",
    "name_zh": "圭亚那",
    "cities": 18
  },
  {
    "code": "KN",
    "name": "Saint Kitts and Nevis",
    "name_zh": "圣基茨和尼维斯",
    "cities": 18
  },
  {
    "code": "AD",
    "name": "Andorra",
    "name_zh": "安道尔",
    "cities": 16
  },
  {
    "code": "ER",
    "name": "Eritrea",
    "name_zh": "厄立特里亚",
    "cities": 16
  },
  {
    "code": "FJ",
    "name": "Fiji",
    "name_zh": "斐济",
    "cities": 16
  },
  {
    "code": "BB",
    "name": "Barbados",
    "name_zh": "巴巴多斯",
    "cities": 15
  },
  {
    "code": "SM",
    "name": "San Marino",
    "name_zh": "圣马力诺",
    "cities": 15
  },
  {
    "code": "AI",
    "name": "AI",
    "name_zh": "AI",
    "cities": 14
  },
  {
    "code": "CW",
    "name": "CW",
    "name_zh": "CW",
    "cities": 13
  },
  {
    "code": "EH",
    "name": "EH",
    "name_zh": "EH",
    "cities": 13
  },
  {
    "code": "LI",
    "name": "Liechtenstein",
    "name_zh": "列支敦士登",
    "cities": 13
  },
  {
    "code": "AW",
    "name": "AW",
    "name_zh": "AW",
    "cities": 12
  },
  {
    "code": "BM",
    "name": "BM",
    "name_zh": "BM",
    "cities": 12
  },
  {
    "code": "GG",
    "name": "GG",
    "name_zh": "GG",
    "cities": 12
  },
  {
    "code": "TV",
    "name": "Tuvalu",
    "name_zh": "图瓦卢",
    "cities": 12
  },
  {
    "code": "NR",
    "name": "Nauru",
    "name_zh": "瑙鲁",
    "cities": 11
  },
  {
    "code": "BH",
    "name": "Bahrain",
    "name_zh": "巴林",
    "cities": 10
  },
  {
    "code": "BQ",
    "name": "BQ",
    "name_zh": "BQ",
    "cities": 10
  },
  {
    "code": "GD",
    "name": "Grenada",
    "name_zh": "格林纳达",
    "cities": 10
  },
  {
    "code": "MC",
    "name": "Monaco",
    "name_zh": "摩纳哥",
    "cities": 10
  },
  {
    "code": "VU",
    "name": "Vanuatu",
    "name_zh": "瓦努阿图",
    "cities": 10
  },
  {
    "code": "MF",
    "name": "MF",
    "name_zh": "MF",
    "cities": 9
  },
  {
    "code": "WF",
    "name": "WF",
    "name_zh": "WF",
    "cities": 9
  },
  {
    "code": "MO",
    "name": "Macau",
    "name_zh": "澳门",
    "cities": 8
  },
  {
    "code": "GI",
    "name": "GI",
    "name_zh": "GI",
    "cities": 7
  },
  {
    "code": "SX",
    "name": "SX",
    "name_zh": "SX",
    "cities": 7
  },
  {
    "code": "VI",
    "name": "VI",
    "name_zh": "VI",
    "cities": 7
  },
  {
    "code": "MP",
    "name": "MP",
    "name_zh": "MP",
    "cities": 6
  },
  {
    "code": "MS",
    "name": "MS",
    "name_zh": "MS",
    "cities": 6
  },
  {
    "code": "SH",
    "name": "SH",
    "name_zh": "SH",
    "cities": 6
  },
  {
    "code": "JE",
    "name": "JE",
    "name_zh": "JE",
    "cities": 4
  },
  {
    "code": "TC",
    "name": "TC",
    "name_zh": "TC",
    "cities": 4
  },
  {
    "code": "TK",
    "name": "TK",
    "name_zh": "TK",
    "cities": 3
  },
  {
    "code": "CK",
    "name": "CK",
    "name_zh": "CK",
    "cities": 2
  },
  {
    "code": "PM",
    "name": "PM",
    "name_zh": "PM",
    "cities": 2
  },
  {
    "code": "SJ",
    "name": "SJ",
    "name_zh": "SJ",
    "cities": 2
  },
  {
    "code": "BL",
    "name": "BL",
    "name_zh": "BL",
    "cities": 1
  },
  {
    "code": "CC",
    "name": "CC",
    "name_zh": "CC",
    "cities": 1
  },
  {
    "code": "CX",
    "name": "CX",
    "name_zh": "CX",
    "cities": 1
  },
  {
    "code": "FK",
    "name": "FK",
    "name_zh": "FK",
    "cities": 1
  },
  {
    "code": "GS",
    "name": "GS",
    "name_zh": "GS",
    "cities": 1
  },
  {
    "code": "IO",
    "name": "IO",
    "name_zh": "IO",
    "cities": 1
  },
  {
    "code": "NF",
    "name": "NF",
    "name_zh": "NF",
    "cities": 1
  },
  {
    "code": "NU",
    "name": "NU",
    "name_zh": "NU",
    "cities": 1
  },
  {
    "code": "PN",
    "name": "PN",
    "name_zh": "PN",
    "cities": 1
  },
  {
    "code": "TF",
    "name": "TF",
    "name_zh": "TF",
    "cities": 1
  },
  {
    "code": "VA",
    "name": "Vatican City",
    "name_zh": "梵蒂冈",
    "cities": 1
  },
  {
    "code": "VG",
    "name": "VG",
    "name_zh": "VG",
    "cities": 1
  }
]