{"country":"FJ","name":"Fiji","name_zh":"斐济","admin1s":{"05":{"name":"05","name_local":"05","cities":[{"id":"2204506","n":"Lautoka","a":"Lautoka","lat":-17.6169,"lng":177.4505,"tz":"Pacific/Fiji","p":52500},{"id":"2202064","n":"Nadi","a":"Nadi","lat":-17.8031,"lng":177.4162,"tz":"Pacific/Fiji","p":42284},{"id":"2198365","n":"Sigatoka","a":"Sigatoka","lat":-18.1431,"lng":177.5069,"tz":"Pacific/Fiji","p":17622},{"id":"8335413","n":"Ba","a":"Ba","lat":-17.5343,"lng":177.6741,"tz":"Pacific/Fiji","p":14596},{"id":"2197895","n":"Tavua","a":"Tavua","lat":-17.4422,"lng":177.8622,"tz":"Pacific/Fiji","p":8810},{"id":"2197277","n":"Vaileka","a":"Vaileka","lat":-17.3789,"lng":178.1533,"tz":"Pacific/Fiji","p":5964},{"id":"2197035","n":"Vatukoula","a":"Vatukoula","lat":-17.5014,"lng":177.8498,"tz":"Pacific/Fiji","p":5580}]},"01":{"name":"01","name_local":"01","cities":[{"id":"8740209","n":"Nasinu","a":"Nasinu","lat":-18.0705,"lng":178.5131,"tz":"Pacific/Fiji","p":92043},{"id":"2198148","n":"Suva","a":"Suva","lat":-18.1368,"lng":178.4253,"tz":"Pacific/Fiji","p":77366},{"id":"2204575","n":"Lami","a":"Lami","lat":-18.1109,"lng":178.4094,"tz":"Pacific/Fiji","p":24639},{"id":"2200478","n":"Navua","a":"Navua","lat":-18.2227,"lng":178.17,"tz":"Pacific/Fiji","p":5812}]},"03":{"name":"03","name_local":"03","cities":[{"id":"2204582","n":"Labasa","a":"Labasa","lat":-16.4332,"lng":179.3645,"tz":"Pacific/Fiji","p":27949},{"id":"2198520","n":"Savusavu","a":"Savusavu","lat":-16.7794,"lng":179.3356,"tz":"Pacific/Fiji","p":6833}]},"02":{"name":"02","name_local":"02","cities":[{"id":"2204417","n":"Levuka","a":"Levuka","lat":-18.0667,"lng":179.3167,"tz":"Pacific/Fiji","p":8360},{"id":"4035863","n":"Tubou","a":"Tubou","lat":-18.2365,"lng":-178.8123,"tz":"Pacific/Fiji","p":0}]},"04":{"name":"04","name_local":"04","cities":[{"id":"2205310","n":"Ahau","a":"Ahau","lat":-12.5,"lng":177.05,"tz":"Pacific/Fiji","p":0}]}}}