{"country":"SB","name":"Solomon Islands","name_zh":"所罗门群岛","admin1s":{"14":{"name":"14","name_local":"14","cities":[{"id":"2108502","n":"Honiara","a":"Honiara","lat":-9.4333,"lng":159.95,"tz":"Pacific/Guadalcanal","p":56298},{"id":"2104533","n":"Panatina","a":"Panatina","lat":-9.4322,"lng":160.0061,"tz":"Pacific/Guadalcanal","p":32712},{"id":"13526998","n":"Kola'a","a":"Kola'a","lat":-9.4411,"lng":159.97,"tz":"Pacific/Guadalcanal","p":20783},{"id":"13526999","n":"Vura","a":"Vura","lat":-9.442,"lng":159.9888,"tz":"Pacific/Guadalcanal","p":18753},{"id":"2101986","n":"Vavaea","a":"Vavaea","lat":-9.4361,"lng":159.957,"tz":"Pacific/Guadalcanal","p":10813},{"id":"2105734","n":"Mbumburu","a":"Mbumburu","lat":-9.4333,"lng":159.9333,"tz":"Pacific/Guadalcanal","p":5806},{"id":"2106239","n":"Mataniko","a":"Mataniko","lat":-9.4397,"lng":159.9626,"tz":"Pacific/Guadalcanal","p":5722},{"id":"13527000","n":"Rove - Lengakiki","a":"Rove - Lengakiki","lat":-9.4295,"lng":159.9419,"tz":"Pacific/Guadalcanal","p":4244},{"id":"2107201","n":"Kukum","a":"Kukum","lat":-9.4347,"lng":159.9819,"tz":"Pacific/Guadalcanal","p":2541},{"id":"13526997","n":"Vuhokesa","a":"Vuhokesa","lat":-9.4357,"lng":159.9631,"tz":"Pacific/Guadalcanal","p":1328}]},"10":{"name":"10","name_local":"10","cities":[{"id":"2102384","n":"Tulagi","a":"Tulagi","lat":-9.1031,"lng":160.1506,"tz":"Pacific/Guadalcanal","p":1750}]},"11":{"name":"11","name_local":"11","cities":[{"id":"2104863","n":"Noro","a":"Noro","lat":-8.2227,"lng":157.1998,"tz":"Pacific/Guadalcanal","p":7204},{"id":"2108857","n":"Gizo","a":"Gizo","lat":-8.103,"lng":156.8419,"tz":"Pacific/Guadalcanal","p":7177},{"id":"2105575","n":"Munda","a":"Munda","lat":-8.328,"lng":157.2665,"tz":"Pacific/Guadalcanal","p":3144}]},"06":{"name":"06","name_local":"06","cities":[{"id":"2105033","n":"Nggosi","a":"Nggosi","lat":-9.4306,"lng":159.921,"tz":"Pacific/Guadalcanal","p":26009},{"id":"13527002","n":"Tandai","a":"Tandai","lat":-9.4467,"lng":159.9455,"tz":"Pacific/Guadalcanal","p":24592},{"id":"13527001","n":"Malango","a":"Malango","lat":-9.425,"lng":160.0533,"tz":"Pacific/Guadalcanal","p":15560},{"id":"2106543","n":"Malango","a":"Malango","lat":-9.6952,"lng":159.7173,"tz":"Pacific/Guadalcanal","p":10532}]},"07":{"name":"07","name_local":"07","cities":[{"id":"2109528","n":"Buala","a":"Buala","lat":-8.145,"lng":159.5921,"tz":"Pacific/Guadalcanal","p":2700}]},"03":{"name":"03","name_local":"03","cities":[{"id":"2109701","n":"Auki","a":"Auki","lat":-8.7678,"lng":160.6978,"tz":"Pacific/Guadalcanal","p":7020}]},"09":{"name":"09","name_local":"09","cities":[{"id":"2178750","n":"Lata","a":"Lata","lat":-10.725,"lng":165.7972,"tz":"Pacific/Guadalcanal","p":553}]},"08":{"name":"08","name_local":"08","cities":[{"id":"2178753","n":"Kirakira","a":"Kirakira","lat":-10.4544,"lng":161.9204,"tz":"Pacific/Guadalcanal","p":2107}]},"12":{"name":"12","name_local":"12","cities":[{"id":"11423653","n":"Taro","a":"Taro","lat":-6.7111,"lng":156.3972,"tz":"Pacific/Guadalcanal","p":1053}]}}}