{"country":"ST","name":"Sao Tome and Principe","name_zh":"圣多美和普林西比","admin1s":{"02":{"name":"02","name_local":"02","cities":[{"id":"2410763","n":"São Tomé","a":"Sao Tome","lat":0.3376,"lng":6.7299,"tz":"Africa/Sao_Tome","p":53300},{"id":"2410972","n":"Neves","a":"Neves","lat":0.3567,"lng":6.549,"tz":"Africa/Sao_Tome","p":8391},{"id":"2411305","n":"Água Izé","a":"Agua Ize","lat":0.2195,"lng":6.7278,"tz":"Africa/Sao_Tome","p":7445},{"id":"11204006","n":"Folha Fede","a":"Folha Fede","lat":0.284,"lng":6.684,"tz":"Africa/Sao_Tome","p":6685},{"id":"12718718","n":"Almas","a":"Almas","lat":0.2991,"lng":6.7447,"tz":"Africa/Sao_Tome","p":4601},{"id":"12718734","n":"Pantufo","a":"Pantufo","lat":0.315,"lng":6.7435,"tz":"Africa/Sao_Tome","p":3977},{"id":"2410849","n":"Rosema","a":"Rosema","lat":0.3509,"lng":6.5695,"tz":"Africa/Sao_Tome","p":2587},{"id":"11204142","n":"Agua Porca","a":"Agua Porca","lat":0.3309,"lng":6.7106,"tz":"Africa/Sao_Tome","p":2048},{"id":"13151892","n":"Piedade","a":"Piedade","lat":0.2958,"lng":6.6642,"tz":"Africa/Sao_Tome","p":1408},{"id":"12718722","n":"Changra","a":"Changra","lat":0.3498,"lng":6.6866,"tz":"Africa/Sao_Tome","p":1224},{"id":"2411049","n":"Lemos","a":"Lemos","lat":0.2992,"lng":6.6985,"tz":"Africa/Sao_Tome","p":1136},{"id":"2410809","n":"Santo Amaro","a":"Santo Amaro","lat":0.3657,"lng":6.6886,"tz":"Africa/Sao_Tome","p":1063},{"id":"12718723","n":"Cova Barro","a":"Cova Barro","lat":0.315,"lng":6.7383,"tz":"Africa/Sao_Tome","p":1026},{"id":"12718729","n":"Micondo","a":"Micondo","lat":0.1712,"lng":6.6773,"tz":"Africa/Sao_Tome","p":1022},{"id":"2410853","n":"Agostinho Neto","a":"Agostinho Neto","lat":0.3677,"lng":6.644,"tz":"Africa/Sao_Tome","p":992},{"id":"12718720","n":"Belém","a":"Belem","lat":0.3015,"lng":6.6742,"tz":"Africa/Sao_Tome","p":932},{"id":"12718730","n":"Monta Alegre","a":"Monta Alegre","lat":0.3029,"lng":6.7229,"tz":"Africa/Sao_Tome","p":913},{"id":"12718719","n":"Batepá","a":"Batepa","lat":0.3006,"lng":6.6603,"tz":"Africa/Sao_Tome","p":909},{"id":"12718732","n":"Obolongo","a":"Obolongo","lat":0.29,"lng":6.6932,"tz":"Africa/Sao_Tome","p":835},{"id":"12718731","n":"Obo Izaquente","a":"Obo Izaquente","lat":0.3202,"lng":6.6894,"tz":"Africa/Sao_Tome","p":795},{"id":"12718728","n":"Margarida Manuel","a":"Margarida Manuel","lat":0.3025,"lng":6.7166,"tz":"Africa/Sao_Tome","p":775},{"id":"12718721","n":"Capela","a":"Capela","lat":0.3066,"lng":6.68,"tz":"Africa/Sao_Tome","p":761},{"id":"12718726","n":"Maianço","a":"Maianco","lat":0.3492,"lng":6.6742,"tz":"Africa/Sao_Tome","p":749},{"id":"2411250","n":"Boa Entrada","a":"Boa Entrada","lat":0.3517,"lng":6.6632,"tz":"Africa/Sao_Tome","p":738},{"id":"12718725","n":"Diogo Simão","a":"Diogo Simao","lat":0.3147,"lng":6.6943,"tz":"Africa/Sao_Tome","p":703},{"id":"12718733","n":"Ototó","a":"Ototo","lat":0.3178,"lng":6.6632,"tz":"Africa/Sao_Tome","p":686},{"id":"12718736","n":"Praia Morro Peixe","a":"Praia Morro Peixe","lat":0.4055,"lng":6.6385,"tz":"Africa/Sao_Tome","p":685},{"id":"2410998","n":"Monte Café","a":"Monte Cafe","lat":0.3004,"lng":6.6398,"tz":"Africa/Sao_Tome","p":684},{"id":"12718724","n":"Desejada","a":"Desejada","lat":0.3562,"lng":6.6709,"tz":"Africa/Sao_Tome","p":656},{"id":"13151801","n":"Melhorada","a":"Melhorada","lat":0.3065,"lng":6.7122,"tz":"Africa/Sao_Tome","p":656},{"id":"12718727","n":"Malanza","a":"Malanza","lat":0.0485,"lng":6.5377,"tz":"Africa/Sao_Tome","p":645},{"id":"2411160","n":"Diogo Vaz","a":"Diogo Vaz","lat":0.3171,"lng":6.4985,"tz":"Africa/Sao_Tome","p":632},{"id":"2410900","n":"Ponta Figo","a":"Ponta Figo","lat":0.3455,"lng":6.5438,"tz":"Africa/Sao_Tome","p":615},{"id":"12718735","n":"Pété-Pété","a":"Pete-Pete","lat":0.3009,"lng":6.7396,"tz":"Africa/Sao_Tome","p":606},{"id":"12718737","n":"Ribeira Peixe","a":"Ribeira Peixe","lat":0.0904,"lng":6.6156,"tz":"Africa/Sao_Tome","p":590},{"id":"12718738","n":"Torres Dias","a":"Torres Dias","lat":0.3073,"lng":6.6963,"tz":"Africa/Sao_Tome","p":585},{"id":"2411263","n":"Bela Vista","a":"Bela Vista","lat":0.3593,"lng":6.6893,"tz":"Africa/Sao_Tome","p":517},{"id":"2410737","n":"Trindade","a":"Trindade","lat":0.2967,"lng":6.6814,"tz":"Africa/Sao_Tome","p":0},{"id":"2410788","n":"São João dos Angolares","a":"Sao Joao dos Angolares","lat":0.1342,"lng":6.6494,"tz":"Africa/Sao_Tome","p":0},{"id":"2411102","n":"Guadalupe","a":"Guadalupe","lat":0.3792,"lng":6.6375,"tz":"Africa/Sao_Tome","p":0}]},"01":{"name":"01","name_local":"01","cities":[{"id":"2410805","n":"Santo António","a":"Santo Antonio","lat":1.6394,"lng":7.4195,"tz":"Africa/Sao_Tome","p":1156}]}}}