{"country":"TK","name":"TK","name_zh":"TK","admin1s":{"F":{"name":"F","name_local":"F","cities":[{"id":"4031110","n":"Fale old settlement","a":"Fale old settlement","lat":-9.3852,"lng":-171.2467,"tz":"Pacific/Fakaofo","p":120}]},"N":{"name":"N","name_local":"N","cities":[{"id":"7522181","n":"Nukunonu","a":"Nukunonu","lat":-9.2005,"lng":-171.848,"tz":"Pacific/Fakaofo","p":531}]},"A":{"name":"A","name_local":"A","cities":[{"id":"7522183","n":"Atafu Village","a":"Atafu Village","lat":-8.5421,"lng":-172.5159,"tz":"Pacific/Fakaofo","p":524}]}}}