{"country":"TV","name":"Tuvalu","name_zh":"图瓦卢","admin1s":{"NMG":{"name":"NMG","name_local":"NMG","cities":[{"id":"2110302","n":"Toga Village","a":"Toga Village","lat":-6.2876,"lng":176.3147,"tz":"Pacific/Funafuti","p":258}]},"NUI":{"name":"NUI","name_local":"NUI","cities":[{"id":"2110322","n":"Tanrake Village","a":"Tanrake Village","lat":-7.2456,"lng":177.1451,"tz":"Pacific/Funafuti","p":408}]},"NIT":{"name":"NIT","name_local":"NIT","cities":[{"id":"2110377","n":"Kulia Village","a":"Kulia Village","lat":-6.1082,"lng":177.3339,"tz":"Pacific/Funafuti","p":224}]},"FUN":{"name":"FUN","name_local":"FUN","cities":[{"id":"2110394","n":"Funafuti","a":"Funafuti","lat":-8.5243,"lng":179.1942,"tz":"Pacific/Funafuti","p":6320},{"id":"7602507","n":"Senala Village","a":"Senala Village","lat":-8.5174,"lng":179.1983,"tz":"Pacific/Funafuti","p":1122},{"id":"7602506","n":"Alapi Village","a":"Alapi Village","lat":-8.5207,"lng":179.1968,"tz":"Pacific/Funafuti","p":1024},{"id":"7602508","n":"Fakaifou Village","a":"Fakaifou Village","lat":-8.5176,"lng":179.2009,"tz":"Pacific/Funafuti","p":1007},{"id":"7602537","n":"Teone Village","a":"Teone Village","lat":-8.4992,"lng":179.195,"tz":"Pacific/Funafuti","p":540},{"id":"7601977","n":"Vaiaku Village","a":"Vaiaku Village","lat":-8.5254,"lng":179.1941,"tz":"Pacific/Funafuti","p":516}]},"VAI":{"name":"VAI","name_local":"VAI","cities":[{"id":"7602271","n":"Motufoua School","a":"Motufoua School","lat":-7.49,"lng":178.6926,"tz":"Pacific/Funafuti","p":506},{"id":"2110415","n":"Asau Village","a":"Asau Village","lat":-7.4903,"lng":178.6802,"tz":"Pacific/Funafuti","p":250}]},"NKF":{"name":"NKF","name_local":"NKF","cities":[{"id":"7602373","n":"Savave Village","a":"Savave Village","lat":-8.0273,"lng":178.3135,"tz":"Pacific/Funafuti","p":586}]}}}