{"country":"WF","name":"WF","name_zh":"WF","admin1s":{"98613":{"name":"98613","name_local":"98613","cities":[{"id":"4034816","n":"Mua","a":"Mua","lat":-13.3417,"lng":-176.187,"tz":"Pacific/Wallis","p":2976},{"id":"4034821","n":"Mata-Utu","a":"Mata-Utu","lat":-13.2816,"lng":-176.1745,"tz":"Pacific/Wallis","p":1200},{"id":"4034886","n":"Alele","a":"Alele","lat":-13.2467,"lng":-176.1834,"tz":"Pacific/Wallis","p":629},{"id":"4034872","n":"Falaleu","a":"Falaleu","lat":-13.2927,"lng":-176.1833,"tz":"Pacific/Wallis","p":626},{"id":"4034763","n":"Utufua","a":"Utufua","lat":-13.3426,"lng":-176.1943,"tz":"Pacific/Wallis","p":622},{"id":"4034831","n":"Liku","a":"Liku","lat":-13.2685,"lng":-176.1659,"tz":"Pacific/Wallis","p":613},{"id":"4034856","n":"Halalo","a":"Halalo","lat":-13.3454,"lng":-176.2146,"tz":"Pacific/Wallis","p":563}]},"98612":{"name":"98612","name_local":"98612","cities":[{"id":"4034778","n":"Leava","a":"Leava","lat":-14.2933,"lng":-178.1583,"tz":"Pacific/Wallis","p":480}]},"98611":{"name":"98611","name_local":"98611","cities":[{"id":"4034885","n":"Alo","a":"Alo","lat":-14.311,"lng":-178.1109,"tz":"Pacific/Wallis","p":239}]}}}